FirstName,LastName,Email
Aarav,Shah,aarav.shah@example.com
Vivaan,Patel,vivaan.patel@example.com
Aditya,Mehta,aditya.mehta@example.com
Krishna,Desai,krishna.desai@example.com
Ishaan,Joshi,ishaan.joshi@example.com
Rohan,Trivedi,rohan.trivedi@example.com
Aryan,Bhatt,aryan.bhatt@example.com
Kunal,Pandya,kunal.pandya@example.com
Dhruv,Shukla,dhruv.shukla@example.com
Harsh,Dave,harsh.dave@example.com
Neha,Patel,neha.patel@example.com
Riya,Shah,riya.shah@example.com
Priya,Joshi,priya.joshi@example.com
Ananya,Mehta,ananya.mehta@example.com
Sneha,Desai,sneha.desai@example.com
Pooja,Bhatt,pooja.bhatt@example.com
Nisha,Pandya,nisha.pandya@example.com
Kavya,Trivedi,kavya.trivedi@example.com
Isha,Shukla,isha.shukla@example.com
Mira,Dave,mira.dave@example.com
Rahul,Patel,rahul.patel@example.com
Sahil,Shah,sahil.shah@example.com
Jay,Joshi,jay.joshi@example.com
Manav,Mehta,manav.mehta@example.com
Yash,Desai,yash.desai@example.com
